{
  "i18n/i18n.properties": 1749051344919,
  "test/integration/opaTests.qunit.js": 1749051344919,
  "test/integration/pages/RisksList.js": 1749051344919,
  "test/integration/pages/RisksObjectPage.js": 1749051344919,
  "test/integration/FirstJourney.js": 1749051344919,
  "test/testsuite.qunit.js": 1749051344919,
  "xs-app.json": 1749053337195,
  "manifest.json": 1749052407474,
  "Component.js": 1749051344919,
  "test/integration/pages/RisksList-dbg.js": 1749051344919,
  "test/integration/pages/RisksList.js.map": 1749053343177,
  "test/integration/opaTests.qunit-dbg.js": 1749051344919,
  "test/integration/opaTests.qunit.js.map": 1749053343167,
  "test/integration/pages/RisksObjectPage-dbg.js": 1749051344919,
  "test/integration/pages/RisksObjectPage.js.map": 1749053343168,
  "test/integration/FirstJourney-dbg.js": 1749051344919,
  "test/integration/FirstJourney.js.map": 1749053343169,
  "test/testsuite.qunit-dbg.js": 1749051344919,
  "test/testsuite.qunit.js.map": 1749053343170,
  "Component-dbg.js": 1749051344919,
  "Component.js.map": 1749053343169,
  "Component-preload.js": 1749053343233,
  "Component-preload.js.map": 1749053343233,
  "test/integration/opaTests.qunit.html": 1749051344919,
  "test/testsuite.qunit.html": 1749051344919,
  "test/flpSandbox.html": 1749051344919,
  "index.html": 1749051344919
}